Latitud,Longitud,Descripcion estrato personal ocupado
18.8771691,-97.72655195,0 a 5 personas
19.04811901,-98.04555487,0 a 5 personas
20.10407518,-97.62450302,0 a 5 personas
18.99485402,-97.44735609,0 a 5 personas
19.93843528,-97.96279535,0 a 5 personas
18.54124826,-97.20015423,0 a 5 personas
19.06280819,-98.30841023,0 a 5 personas
18.98402252,-97.78297572,0 a 5 personas
19.0408686,-98.14718358,0 a 5 personas
19.28480969,-98.44101093,0 a 5 personas
20.02100018,-97.52789222,0 a 5 personas
20.02087948,-97.52770149,0 a 5 personas
19.29011536,-97.34120049,0 a 5 personas
18.0405755,-98.44006136,0 a 5 personas
19.09420847,-98.13616661,0 a 5 personas
20.4639667,-97.70692481,0 a 5 personas
19.81974781,-97.8084188,0 a 5 personas
18.21481408,-98.0439583,0 a 5 personas
20.28131426,-97.95748865,0 a 5 personas
19.87608431,-97.58800044,0 a 5 personas
18.37709041,-97.26434398,0 a 5 personas
19.04067656,-98.21478707,0 a 5 personas
18.8914771,-98.43768541,0 a 5 personas
19.02983497,-98.20580005,0 a 5 personas
19.2196762,-98.41187281,11 a 30 personas
19.12198549,-98.24349825,0 a 5 personas
19.31609212,-98.20330397,11 a 30 personas
19.41038388,-98.16441521,11 a 30 personas
19.07905114,-98.15595296,251 y mas personas
19.06447518,-98.31470327,31 a 50 personas
19.0529171,-98.22688901,51 a 100 personas
18.81357433,-97.87717293,51 a 100 personas
19.26181533,-98.50543246,31 a 50 personas
19.10981831,-98.22903214,51 a 100 personas
19.06508856,-98.31618504,51 a 100 personas
19.12513292,-98.22614097,51 a 100 personas
19.28497984,-98.42302079,31 a 50 personas
18.41665001,-97.33243346,101 a 250 personas
18.44983087,-97.39906989,51 a 100 personas
19.27391186,-98.4310408,101 a 250 personas
19.1090754,-98.35270755,101 a 250 personas
19.85790486,-97.3608513,251 y mas personas
19.09102594,-98.19319983,251 y mas personas
19.05664146,-98.15516569,101 a 250 personas
18.5481988,-97.43939579,51 a 100 personas
19.00890991,-98.2654421,51 a 100 personas
19.0538605,-98.30830305,51 a 100 personas
18.47634593,-97.4377006,51 a 100 personas
19.81131109,-97.37668109,31 a 50 personas
19.04151798,-98.17460254,101 a 250 personas
19.09765044,-98.20316022,251 y mas personas
19.07973943,-98.15195339,251 y mas personas
19.08003106,-98.14756117,251 y mas personas
19.08472478,-98.22240345,251 y mas personas
19.09420367,-98.20831851,31 a 50 personas
19.21664171,-98.41318694,251 y mas personas
19.08173512,-98.16228718,101 a 250 personas
19.08221635,-98.16168317,101 a 250 personas
18.4711068,-97.42773943,51 a 100 personas
19.11707632,-98.25468603,31 a 50 personas
19.01548247,-98.21075221,31 a 50 personas
19.05922074,-98.15922926,251 y mas personas
19.21541781,-98.41354076,251 y mas personas
19.21682133,-98.41356329,31 a 50 personas
19.84722833,-97.35523343,51 a 100 personas
19.84716851,-97.48471075,31 a 50 personas
19.05832913,-98.31059827,31 a 50 personas
19.02114975,-98.20154159,31 a 50 personas
19.04771918,-98.20122389,31 a 50 personas
19.06216201,-98.2305303,31 a 50 personas
19.06590385,-98.15655743,251 y mas personas
19.05818309,-98.24694991,31 a 50 personas
19.04694735,-98.17604492,31 a 50 personas
19.07851657,-98.16962588,31 a 50 personas
19.03543677,-98.2764573,51 a 100 personas
18.51022921,-97.43560389,101 a 250 personas
18.37737109,-97.27783095,101 a 250 personas
19.19044587,-98.36768261,51 a 100 personas
19.12820023,-98.3692922,51 a 100 personas
18.45224218,-97.42031913,101 a 250 personas
18.45306449,-97.41691762,31 a 50 personas
19.08474883,-98.15854753,51 a 100 personas
19.84297861,-97.33608389,31 a 50 personas
19.06826974,-98.17891924,101 a 250 personas
19.06106487,-98.16178271,251 y mas personas
19.83019202,-97.35892436,31 a 50 personas
19.81407645,-97.39275894,31 a 50 personas
19.23081625,-97.80465483,51 a 100 personas
19.0709338,-98.24534527,31 a 50 personas
19.0803026,-98.14877845,51 a 100 personas
19.06087466,-98.19401048,101 a 250 personas
19.0845598,-98.1585331,51 a 100 personas
18.93777769,-97.67083334,251 y mas personas
19.02588366,-98.24135631,101 a 250 personas
19.11226168,-98.22795881,31 a 50 personas
19.04736562,-98.1769439,31 a 50 personas
18.37625174,-97.26162017,51 a 100 personas
19.07194242,-98.1753087,31 a 50 personas
19.05571134,-98.32768594,51 a 100 personas
19.0844737,-98.19911172,101 a 250 personas
19.07235971,-98.29594341,51 a 100 personas
19.1077676,-98.25401796,31 a 50 personas
19.10763868,-98.2537551,31 a 50 personas
18.46260655,-97.38194762,31 a 50 personas
18.3762929,-97.25643206,31 a 50 personas
18.95376409,-98.23704878,31 a 50 personas
18.45713436,-97.39748011,31 a 50 personas
19.81253138,-97.36174019,51 a 100 personas
18.49366573,-97.4137664,31 a 50 personas
19.82889712,-97.35936363,31 a 50 personas
19.8243838,-97.35019044,31 a 50 personas
18.45702067,-97.38610808,31 a 50 personas
19.81661747,-97.35912998,51 a 100 personas
19.86125538,-97.36056997,51 a 100 personas
18.37864951,-97.253975,51 a 100 personas
18.45655224,-97.41987831,31 a 50 personas
19.76624029,-97.33310267,31 a 50 personas
19.83162473,-97.35950353,31 a 50 personas
18.38031195,-97.25355518,31 a 50 personas
18.63364634,-97.39698802,31 a 50 personas
18.33981057,-97.24643416,31 a 50 personas
18.36959166,-97.29997993,31 a 50 personas
18.48561231,-97.38877738,31 a 50 personas
18.45102222,-97.41577979,31 a 50 personas
19.80227181,-97.35437382,51 a 100 personas
18.365773,-97.30034166,31 a 50 personas
19.85657576,-97.36113038,31 a 50 personas
19.83624585,-97.45859939,51 a 100 personas
18.47976308,-97.38539912,31 a 50 personas
18.47040724,-97.39217425,51 a 100 personas
18.45617659,-97.41727008,31 a 50 personas
19.94319139,-97.29413883,101 a 250 personas
19.80874088,-97.36843195,51 a 100 personas
19.05731101,-98.21780688,101 a 250 personas
18.36832968,-97.30258856,31 a 50 personas
18.45838572,-97.41945012,251 y mas personas
18.61585434,-97.41214408,31 a 50 personas
18.38250628,-97.25706589,101 a 250 personas
18.38468831,-97.26009119,31 a 50 personas
18.37428126,-97.25677824,31 a 50 personas
18.37837197,-97.30124713,31 a 50 personas
19.82640108,-97.34795694,31 a 50 personas
18.46909258,-97.40684632,31 a 50 personas
18.45949204,-97.42147105,31 a 50 personas
18.71446307,-97.4563376,31 a 50 personas
18.3354155,-97.34439768,31 a 50 personas
18.37816985,-97.26012946,31 a 50 personas
19.79890402,-97.32466267,31 a 50 personas
18.49030974,-97.40623891,101 a 250 personas
19.87214537,-97.46657804,31 a 50 personas
19.81282679,-97.3871392,31 a 50 personas
18.44553633,-97.38085027,51 a 100 personas
19.83117442,-97.35858584,51 a 100 personas
19.81538294,-97.39441761,31 a 50 personas
19.81319121,-97.36803649,31 a 50 personas
18.36543574,-97.29910873,31 a 50 personas
18.44931552,-97.4090874,31 a 50 personas
18.38252209,-97.25576265,31 a 50 personas
19.83582709,-97.35946519,31 a 50 personas
19.82790209,-97.3492934,51 a 100 personas
18.4531164,-97.41858635,51 a 100 personas
18.45388858,-97.41732497,101 a 250 personas
18.45281677,-97.39648088,251 y mas personas
18.38215977,-97.26675449,31 a 50 personas
18.37957426,-97.25719224,31 a 50 personas
18.46708815,-97.39417171,31 a 50 personas
18.42735999,-97.40766257,31 a 50 personas
18.45887028,-97.41184589,51 a 100 personas
19.29028867,-97.33954224,31 a 50 personas
18.4761401,-97.39015619,31 a 50 personas
19.29094,-97.33933872,31 a 50 personas
19.80968688,-97.39066458,31 a 50 personas
18.48114526,-97.42888475,251 y mas personas
18.44491715,-97.37926888,31 a 50 personas
18.3460053,-97.33992777,31 a 50 personas
18.45184712,-97.39825096,31 a 50 personas
18.36398941,-97.29733882,31 a 50 personas
18.48824646,-97.38590311,31 a 50 personas
18.47608164,-97.38287706,51 a 100 personas
18.37446155,-97.25511078,31 a 50 personas
18.3851557,-97.27202799,31 a 50 personas
18.54869538,-97.43780199,31 a 50 personas
18.54990214,-97.44213225,101 a 250 personas
18.54967519,-97.44183289,101 a 250 personas
18.44945327,-97.41338051,51 a 100 personas
18.54970962,-97.43805152,31 a 50 personas
19.81264428,-97.38806173,31 a 50 personas
19.09000146,-98.16299593,31 a 50 personas
19.8252271,-97.35812217,31 a 50 personas
19.81678586,-97.35766303,51 a 100 personas
18.37504082,-97.25879437,31 a 50 personas
18.37688877,-97.25539683,31 a 50 personas
18.37866201,-97.25393707,31 a 50 personas
18.37845398,-97.26784393,51 a 100 personas
19.03606499,-98.17303787,51 a 100 personas
19.03650054,-98.17541526,31 a 50 personas
18.4453544,-97.36907558,101 a 250 personas
18.37792669,-97.25828262,31 a 50 personas
18.45890314,-97.42885155,31 a 50 personas
18.33619208,-97.2457025,31 a 50 personas
19.83720224,-97.35947116,31 a 50 personas
18.37499079,-97.25997595,31 a 50 personas
19.84233632,-97.35646674,251 y mas personas
19.0571037,-98.20108762,101 a 250 personas
19.06777315,-98.15507709,31 a 50 personas
19.81567321,-97.65682347,101 a 250 personas
19.05671318,-98.19643219,101 a 250 personas
19.05659261,-98.19624515,31 a 50 personas
19.06674691,-98.15629886,101 a 250 personas
19.07013679,-98.15282063,31 a 50 personas
19.02033662,-98.18970544,31 a 50 personas
19.81321729,-97.36802955,51 a 100 personas
19.08789995,-98.23814026,31 a 50 personas
18.58967774,-97.41565021,51 a 100 personas
18.47124584,-97.43253699,251 y mas personas
18.58717606,-97.41486589,31 a 50 personas
18.5198032,-97.50369851,251 y mas personas
18.45436352,-97.41397392,251 y mas personas
19.01552206,-98.21083685,51 a 100 personas
19.1177981,-97.42293851,31 a 50 personas
18.46775966,-97.41418715,101 a 250 personas
19.808648,-97.36844951,51 a 100 personas
19.05260382,-98.29002114,101 a 250 personas
19.06517486,-98.18230888,251 y mas personas
19.03920674,-98.17578582,51 a 100 personas
19.06215301,-98.17222207,251 y mas personas
19.06632558,-98.18918924,101 a 250 personas
19.06693608,-98.18951811,251 y mas personas
19.09268087,-97.9677687,31 a 50 personas
19.21830168,-98.41269102,31 a 50 personas
19.07403274,-98.17109926,101 a 250 personas
18.89691649,-97.9709481,101 a 250 personas
19.06588453,-98.151255,51 a 100 personas
19.05329634,-98.2115452,101 a 250 personas
19.07437577,-98.2537588,31 a 50 personas
19.2318958,-97.79891184,251 y mas personas
19.03713653,-98.21442386,31 a 50 personas
18.46747032,-97.41422555,31 a 50 personas
18.9466775,-97.82561138,51 a 100 personas
18.45988235,-97.40895038,31 a 50 personas
19.81633198,-97.35848218,31 a 50 personas
19.20632356,-98.41085379,101 a 250 personas
19.82943411,-97.34688243,51 a 100 personas
18.68800516,-97.66291272,101 a 250 personas
19.04325444,-98.06311234,31 a 50 personas
18.43483343,-97.37643791,31 a 50 personas
19.06464118,-98.19968016,31 a 50 personas
19.11758187,-98.21304771,31 a 50 personas
19.29210932,-98.44304428,51 a 100 personas
19.10263792,-98.22968423,101 a 250 personas
19.0422764,-98.17335805,31 a 50 personas
19.07619008,-98.21268038,51 a 100 personas
19.29137633,-98.55557063,31 a 50 personas
19.07513794,-98.1704944,31 a 50 personas
19.0670667,-98.10017197,51 a 100 personas
19.02826777,-98.20362351,101 a 250 personas
19.02317914,-98.30634704,31 a 50 personas
19.03420449,-98.17825468,51 a 100 personas
19.03429587,-98.17843265,31 a 50 personas
19.81526018,-97.37480204,51 a 100 personas
19.81998575,-97.36113377,51 a 100 personas
19.81191846,-97.36569829,51 a 100 personas
18.51246978,-97.4348333,51 a 100 personas
18.51170907,-97.43429993,51 a 100 personas
19.14226048,-98.38710001,51 a 100 personas
19.82310778,-97.35823201,51 a 100 personas
19.06083183,-98.20167599,251 y mas personas
19.08743182,-98.20256164,251 y mas personas
18.45561993,-97.41700054,101 a 250 personas
18.46904013,-97.39643136,51 a 100 personas
19.27006328,-98.4140872,251 y mas personas
19.16213132,-98.38169607,251 y mas personas
19.83769933,-97.35956479,251 y mas personas
19.84858971,-97.33860473,101 a 250 personas
18.4605705,-97.38607256,51 a 100 personas
18.45542283,-97.39017433,101 a 250 personas
18.45043018,-97.38809069,101 a 250 personas
18.45292495,-97.38998394,101 a 250 personas
19.81218623,-97.36564004,31 a 50 personas
19.81440324,-97.36300307,31 a 50 personas
19.16162098,-98.3870298,101 a 250 personas
19.03793633,-98.1992481,101 a 250 personas
19.07826768,-98.27442511,31 a 50 personas
19.84152758,-97.45695258,31 a 50 personas
18.44600192,-97.39773822,101 a 250 personas
18.44547885,-97.40237627,31 a 50 personas
19.07580959,-98.18449045,51 a 100 personas
19.19542489,-98.38726817,31 a 50 personas
19.06399766,-98.1746362,31 a 50 personas
19.16038291,-98.38635676,51 a 100 personas
19.07530805,-98.29770539,251 y mas personas
19.07704765,-98.14904523,101 a 250 personas
19.03260111,-98.26230981,31 a 50 personas
19.01223889,-98.21945047,31 a 50 personas
19.04529923,-98.18437486,51 a 100 personas
19.11292691,-98.22798647,101 a 250 personas
19.11134056,-98.25959003,31 a 50 personas
19.07797153,-98.16919603,101 a 250 personas
19.00826746,-98.2098208,31 a 50 personas
19.04172,-98.16604321,101 a 250 personas
19.04281662,-98.16993236,51 a 100 personas
19.0558388,-98.15781342,101 a 250 personas
19.08308407,-98.16041726,101 a 250 personas
18.45998478,-97.40317594,101 a 250 personas
18.88459421,-98.44912092,51 a 100 personas
19.09541477,-98.20736818,31 a 50 personas
19.88235792,-97.44722524,31 a 50 personas
19.82349382,-97.35496579,101 a 250 personas
19.81004032,-97.36835491,51 a 100 personas
19.07372073,-98.1525919,251 y mas personas
19.16349368,-98.38674311,51 a 100 personas
19.84829779,-97.48496056,251 y mas personas
19.06673257,-98.15644739,251 y mas personas
18.45139133,-97.39894772,51 a 100 personas
19.1613441,-98.39156164,101 a 250 personas
19.11115188,-98.25723435,31 a 50 personas
18.43516678,-97.40542127,31 a 50 personas
18.47616762,-97.38600399,31 a 50 personas
19.26112485,-98.50979348,251 y mas personas
18.50661559,-98.61441018,251 y mas personas
18.29415738,-97.16532428,251 y mas personas
19.21517806,-98.41300637,101 a 250 personas
19.06072153,-98.11229733,51 a 100 personas
19.0794779,-98.21166367,31 a 50 personas
19.81387376,-97.36148792,51 a 100 personas
19.82803438,-97.34913151,51 a 100 personas
18.99440177,-97.45459388,31 a 50 personas
19.04325741,-98.17242693,101 a 250 personas
19.0414512,-98.16724972,31 a 50 personas
19.80270346,-97.35828257,51 a 100 personas
19.09521108,-98.20835138,101 a 250 personas
19.10842561,-98.18064931,251 y mas personas
19.07168571,-98.3062592,51 a 100 personas
18.89013997,-98.42985651,31 a 50 personas
19.06399754,-98.17463534,51 a 100 personas
19.04488278,-98.20023575,51 a 100 personas
19.08375924,-98.1653688,101 a 250 personas
19.07682371,-98.1614371,251 y mas personas
19.06070739,-98.20151876,251 y mas personas
19.04506188,-98.21506549,101 a 250 personas
18.8789952,-97.785013,31 a 50 personas
18.54340417,-97.43652534,101 a 250 personas
19.21176652,-98.37981195,31 a 50 personas
18.47724114,-97.43376624,251 y mas personas
18.34339472,-97.33925807,101 a 250 personas
18.93087947,-98.46176709,251 y mas personas
18.4627648,-97.38780784,51 a 100 personas
19.00399697,-98.22146079,31 a 50 personas
19.07116558,-98.20428317,31 a 50 personas
19.06492638,-98.15414351,31 a 50 personas
18.47517322,-97.39434213,31 a 50 personas
19.360931,-98.600467,251 y mas personas
18.45635047,-97.3933467,31 a 50 personas
18.33697742,-97.24046126,31 a 50 personas
18.46494786,-97.3919791,31 a 50 personas
19.03981015,-98.27327583,101 a 250 personas
18.45477177,-97.42017488,31 a 50 personas
19.07858704,-98.14816273,31 a 50 personas
19.04221342,-98.18142222,51 a 100 personas
19.82637517,-97.35685254,251 y mas personas
18.37764199,-97.26424797,31 a 50 personas
19.84349464,-97.36046177,31 a 50 personas
18.37111578,-97.30369246,31 a 50 personas
18.5409056,-97.43932139,51 a 100 personas
19.78796578,-97.38010937,31 a 50 personas
19.81677747,-97.38426727,31 a 50 personas
18.38224144,-97.25710718,31 a 50 personas
19.81489665,-97.35944467,31 a 50 personas
18.44161935,-97.39859137,31 a 50 personas
18.363247,-97.30406022,31 a 50 personas
18.48042165,-97.38655202,31 a 50 personas
18.45337127,-97.39875971,31 a 50 personas
18.37539265,-97.25146074,31 a 50 personas
18.38131684,-97.25548417,31 a 50 personas
19.81393492,-97.36512416,31 a 50 personas
18.38348448,-97.2569166,31 a 50 personas
18.3805352,-97.26766361,31 a 50 personas
18.47462973,-97.38928305,31 a 50 personas
18.33707867,-97.24224697,31 a 50 personas
18.37061213,-97.25377335,31 a 50 personas
18.44917619,-97.38576384,31 a 50 personas
19.0431916,-98.1740194,31 a 50 personas
18.4667306,-97.38506065,31 a 50 personas
18.38321683,-97.26900048,31 a 50 personas
18.37032006,-97.26319931,31 a 50 personas
18.37930212,-97.26694357,31 a 50 personas
18.38332577,-97.2655562,31 a 50 personas
18.47287169,-97.40925788,31 a 50 personas
19.84716851,-97.48471075,101 a 250 personas
18.4760808,-97.387503,31 a 50 personas
18.44107308,-97.40425502,31 a 50 personas
18.46215225,-97.37502004,31 a 50 personas
18.48723111,-97.3902594,51 a 100 personas
18.98101842,-97.77839273,101 a 250 personas
19.77898366,-97.32484886,31 a 50 personas
19.76116903,-97.33112969,31 a 50 personas
19.81579727,-97.35857228,31 a 50 personas
18.379711,-97.26015202,51 a 100 personas
18.32327061,-97.34447476,31 a 50 personas
18.42977974,-97.37050542,31 a 50 personas
19.80979623,-97.35608815,31 a 50 personas
19.79853044,-97.32456292,101 a 250 personas
19.76436279,-97.33126464,31 a 50 personas
18.48103476,-97.40542892,51 a 100 personas
19.81696788,-97.35861467,31 a 50 personas
18.36573331,-97.30328253,51 a 100 personas
18.45340257,-97.39519762,51 a 100 personas
18.46534704,-97.38057241,51 a 100 personas
18.52083325,-97.50361111,251 y mas personas
18.48397185,-97.38461928,31 a 50 personas
19.85233997,-97.36957671,31 a 50 personas
19.7766242,-97.32900619,31 a 50 personas
18.38388364,-97.25844136,31 a 50 personas
18.47222131,-97.40316051,31 a 50 personas
18.37614881,-97.29869112,31 a 50 personas
19.76558502,-97.33067842,31 a 50 personas
18.38499052,-97.26371228,31 a 50 personas
18.47727756,-97.43883857,31 a 50 personas
18.46679245,-97.38502667,31 a 50 personas
18.46509478,-97.38058159,31 a 50 personas
18.64657545,-97.39530998,31 a 50 personas
18.4743471,-97.39485413,31 a 50 personas
18.40300415,-97.26876807,51 a 100 personas
19.13289682,-97.63986842,31 a 50 personas
19.79852625,-97.32261647,31 a 50 personas
19.79068806,-97.32329973,31 a 50 personas
18.64991052,-97.3962195,31 a 50 personas
19.76558502,-97.33067842,31 a 50 personas
18.46484138,-97.39042616,31 a 50 personas
18.37909223,-97.26331173,31 a 50 personas
19.81671788,-97.36153415,31 a 50 personas
18.48774555,-97.406412,51 a 100 personas
18.45457498,-97.41636279,31 a 50 personas
18.37143487,-97.30373142,31 a 50 personas
19.14389571,-98.38613242,51 a 100 personas
18.92170391,-98.41330961,251 y mas personas
19.20624702,-98.4081127,101 a 250 personas
19.07531467,-98.2382008,31 a 50 personas
19.04138528,-98.16753916,31 a 50 personas
19.81563663,-97.35997411,101 a 250 personas
19.80798278,-97.35640887,51 a 100 personas
18.48997329,-97.40655816,31 a 50 personas
18.88814891,-97.74778625,251 y mas personas
19.07891903,-98.23736608,51 a 100 personas
19.06155332,-98.20122547,251 y mas personas
19.07718538,-98.26389058,101 a 250 personas
19.06926034,-98.15915665,51 a 100 personas
18.45783916,-97.3914757,31 a 50 personas
18.47841916,-97.43441246,31 a 50 personas
19.81589597,-97.38563812,101 a 250 personas
19.0534145,-98.22265445,51 a 100 personas
19.06055686,-98.11062205,51 a 100 personas
19.08514916,-98.15784408,101 a 250 personas
18.4660406,-97.39133276,31 a 50 personas
19.02321316,-98.22521322,251 y mas personas
19.02115062,-98.20154329,51 a 100 personas
18.97060656,-97.71132572,31 a 50 personas
19.05218945,-98.20417946,31 a 50 personas
19.04130898,-98.20811944,31 a 50 personas
18.89973583,-98.44335014,51 a 100 personas
19.2594502,-97.84416631,251 y mas personas
19.11172117,-98.25123967,51 a 100 personas
19.15782474,-98.38511663,101 a 250 personas
19.01120705,-98.22003232,51 a 100 personas
18.46678142,-97.37943792,31 a 50 personas
19.06266745,-98.22531688,31 a 50 personas
18.77733202,-97.69588066,31 a 50 personas
18.45005057,-97.40114185,51 a 100 personas
18.45561105,-97.36964123,51 a 100 personas
18.87240167,-97.71648438,251 y mas personas
19.07753337,-98.15076206,251 y mas personas
19.15755829,-98.38527593,101 a 250 personas
19.09633708,-98.20602045,31 a 50 personas
19.08056066,-98.15169208,51 a 100 personas
19.08231413,-98.1613497,101 a 250 personas
19.042358,-98.25032621,51 a 100 personas
19.07098018,-98.15513263,101 a 250 personas
19.21282958,-97.83926126,101 a 250 personas
19.30906702,-98.48046344,31 a 50 personas
19.79980879,-97.3230218,31 a 50 personas
19.22608989,-97.79918346,251 y mas personas
19.04517987,-98.1686318,31 a 50 personas
19.07042536,-98.1526057,251 y mas personas
19.14246481,-98.38698129,51 a 100 personas
19.06698683,-98.23986133,31 a 50 personas
19.07455451,-98.20158074,101 a 250 personas
19.11736923,-98.26400061,101 a 250 personas
19.05648472,-98.32511626,31 a 50 personas
19.05303081,-98.30871424,51 a 100 personas
18.88231169,-97.81505229,51 a 100 personas
19.84662904,-97.35520716,31 a 50 personas
19.25043761,-98.42839157,31 a 50 personas
19.25463713,-98.43061028,31 a 50 personas
19.09930687,-98.20779172,31 a 50 personas
18.52375722,-97.51034472,51 a 100 personas
19.09625952,-98.20573648,251 y mas personas
19.064591,-98.23556622,31 a 50 personas
19.08469611,-98.15837374,251 y mas personas
19.81365351,-97.38392203,51 a 100 personas
19.05935204,-98.31309021,31 a 50 personas
19.053033,-98.30871895,51 a 100 personas
19.08998484,-98.19477335,251 y mas personas
19.04085627,-98.205254,31 a 50 personas
19.02848876,-98.18884206,51 a 100 personas
19.1326259,-97.65005824,31 a 50 personas
19.16263095,-98.38664062,251 y mas personas
18.47280851,-97.43554935,101 a 250 personas
19.21951477,-98.41093567,251 y mas personas
19.10174469,-98.23530855,101 a 250 personas
19.09579254,-98.18597368,31 a 50 personas
19.21737164,-98.40569301,51 a 100 personas
19.21676433,-98.40587437,251 y mas personas
19.06937447,-98.24959084,51 a 100 personas
19.00474722,-98.22293069,251 y mas personas
19.11412424,-97.96005807,251 y mas personas
19.05699534,-98.15706961,31 a 50 personas
19.05687269,-98.20878593,101 a 250 personas
19.04622716,-98.19225476,51 a 100 personas
18.44789526,-97.40563512,31 a 50 personas
18.36545244,-97.30304998,31 a 50 personas
19.81009531,-97.36509076,31 a 50 personas
19.82111163,-97.35243557,31 a 50 personas
19.7619264,-97.33408406,31 a 50 personas
18.83527145,-97.82313961,31 a 50 personas
19.81336268,-97.38532257,31 a 50 personas
18.37982166,-97.26507664,31 a 50 personas
18.69906441,-97.7739835,31 a 50 personas
18.3753252,-97.30344955,31 a 50 personas
18.45564281,-97.39048108,31 a 50 personas
18.3728945,-97.29727193,31 a 50 personas
19.08075793,-98.15044442,101 a 250 personas
19.80652381,-97.35656416,31 a 50 personas
19.79846412,-97.32457168,31 a 50 personas
18.96031522,-98.16919919,101 a 250 personas
19.05767484,-98.15674755,101 a 250 personas
19.04829679,-98.21890343,31 a 50 personas
19.0442595,-98.12730511,31 a 50 personas
19.0532152,-98.15377892,51 a 100 personas
19.08520453,-98.26492772,101 a 250 personas
19.06485535,-98.15442137,51 a 100 personas
19.06389011,-98.2320128,101 a 250 personas
18.46937936,-97.38739417,31 a 50 personas
19.0655826,-98.15644074,101 a 250 personas
19.06951592,-98.15588872,51 a 100 personas
19.20861103,-98.41555556,51 a 100 personas
19.04854749,-98.16348478,101 a 250 personas
19.05854848,-98.16645688,31 a 50 personas
19.07394629,-98.15259875,101 a 250 personas
19.03223151,-98.26216587,31 a 50 personas
19.16048987,-98.38637508,31 a 50 personas
18.4767352,-97.43589538,31 a 50 personas
18.45920397,-97.40222719,31 a 50 personas
18.47614267,-97.43349429,101 a 250 personas
18.45903658,-97.40237286,251 y mas personas
19.01931011,-98.20797316,251 y mas personas
19.07182377,-98.1533029,51 a 100 personas
19.16088818,-98.38644329,101 a 250 personas
19.84654024,-97.35512948,31 a 50 personas
19.8110299,-97.36886291,101 a 250 personas
19.06899884,-98.17985392,101 a 250 personas
19.14278694,-98.23378178,31 a 50 personas
19.07344835,-98.31242467,31 a 50 personas
19.03205114,-98.25970717,51 a 100 personas
19.04103129,-98.15703622,101 a 250 personas
18.46008031,-97.4021745,31 a 50 personas
19.03733728,-98.2101954,31 a 50 personas
19.08789634,-98.23813959,101 a 250 personas
18.54120812,-97.43839006,31 a 50 personas
18.37963834,-97.2591019,31 a 50 personas
18.47706385,-97.38612788,31 a 50 personas
19.05353028,-98.21403048,51 a 100 personas
19.11780568,-98.25625852,251 y mas personas
19.06380118,-98.29380917,101 a 250 personas
19.04494272,-98.0650778,51 a 100 personas
18.61916659,-98.42555555,101 a 250 personas
19.06627847,-98.10538732,101 a 250 personas
19.06738924,-98.1044955,251 y mas personas
19.07229489,-98.15377869,251 y mas personas
19.07107537,-98.15772521,251 y mas personas
19.07625345,-98.15470851,251 y mas personas
18.9838888,-97.46555555,101 a 250 personas
18.47556659,-97.4350223,31 a 50 personas
20.00687522,-98.12054246,31 a 50 personas
19.09256126,-98.338426,101 a 250 personas
19.05729752,-98.15474256,101 a 250 personas
19.05729752,-98.15474256,101 a 250 personas
19.11356329,-98.25505241,251 y mas personas
19.12784151,-98.26555331,51 a 100 personas
19.10822981,-98.23001127,101 a 250 personas
19.08500109,-98.15826142,31 a 50 personas
19.01621949,-98.2180063,31 a 50 personas
19.21450662,-98.41056857,31 a 50 personas
18.99704429,-98.21225936,31 a 50 personas
19.13353541,-98.23950818,51 a 100 personas
19.0811705,-98.25318287,51 a 100 personas
19.07156964,-98.1558161,31 a 50 personas
19.48546445,-97.48844358,31 a 50 personas
19.11341553,-97.88707777,101 a 250 personas
19.06722295,-98.16025788,101 a 250 personas
19.02381268,-98.29580959,101 a 250 personas
18.968098,-97.958057,251 y mas personas
19.2196762,-98.41187281,31 a 50 personas
19.09946672,-98.20732639,101 a 250 personas
19.09854016,-98.34377695,31 a 50 personas
19.12365705,-98.26146901,31 a 50 personas
19.04007316,-98.17841609,31 a 50 personas
19.06409888,-98.10290018,101 a 250 personas
19.04510675,-98.06359363,31 a 50 personas
19.25235024,-98.42062888,251 y mas personas
18.99948457,-98.33254597,31 a 50 personas
19.10016265,-98.22913343,51 a 100 personas
19.09842163,-98.18507424,31 a 50 personas
19.14062543,-98.26985176,251 y mas personas
19.12773982,-98.26541272,251 y mas personas
19.09182976,-98.20885039,101 a 250 personas
19.17375713,-98.30941166,51 a 100 personas
18.87545013,-97.65995068,251 y mas personas
18.9645371,-98.17617509,31 a 50 personas
19.07051759,-98.15253701,31 a 50 personas
19.0090074,-98.21391114,101 a 250 personas
19.06909253,-98.1959256,31 a 50 personas
19.05285,-98.03203,51 a 100 personas
19.10444575,-98.25587624,51 a 100 personas
19.07298917,-98.23724378,31 a 50 personas
18.8762347,-98.70849366,31 a 50 personas
18.45267405,-97.41791289,31 a 50 personas
19.85366301,-98.02023805,51 a 100 personas
19.05305962,-98.20948914,31 a 50 personas
19.13109062,-98.27007295,51 a 100 personas
18.54279342,-97.53995556,251 y mas personas
19.08385415,-98.15940653,31 a 50 personas
19.0647734,-98.11603437,31 a 50 personas
19.04505942,-98.16177054,31 a 50 personas
19.00822491,-98.19867523,101 a 250 personas
19.11276103,-98.24446021,251 y mas personas
19.00732895,-98.33792121,31 a 50 personas
18.91611103,-97.85444445,51 a 100 personas
19.06307971,-98.1550165,31 a 50 personas
19.05981604,-98.15500797,251 y mas personas
19.07373593,-98.19848324,31 a 50 personas
19.07290657,-98.15661438,101 a 250 personas
19.04364962,-98.08534126,101 a 250 personas
19.06500118,-98.10293136,101 a 250 personas
19.07321384,-98.15559148,101 a 250 personas
19.05564319,-98.15598345,101 a 250 personas
19.0557089,-98.15592963,101 a 250 personas
19.07445476,-98.15343662,31 a 50 personas
19.0564296,-98.15533924,31 a 50 personas
19.0581134,-98.30776283,31 a 50 personas
19.06307322,-98.23310904,51 a 100 personas
19.06432172,-98.15992399,31 a 50 personas
19.04440369,-98.03543758,101 a 250 personas
19.13490753,-98.22203614,101 a 250 personas
19.10070329,-98.23547532,101 a 250 personas
19.10860553,-98.25580875,31 a 50 personas
19.11222841,-98.25901211,31 a 50 personas
19.20631265,-98.41997705,251 y mas personas
19.03307116,-98.26065278,101 a 250 personas
19.05662113,-98.21264624,101 a 250 personas
19.10947837,-98.25397255,31 a 50 personas
19.11249796,-98.25273504,251 y mas personas
19.25472815,-98.40714362,251 y mas personas
19.03967604,-98.03948541,31 a 50 personas
18.84944692,-97.42837829,51 a 100 personas
18.47462011,-97.4303819,31 a 50 personas
18.47462389,-97.43038105,31 a 50 personas
19.0835822,-98.20252894,101 a 250 personas
19.04441552,-98.21984977,101 a 250 personas
19.00746624,-98.26740104,251 y mas personas
19.26857909,-98.4295072,101 a 250 personas
19.01049384,-98.21407494,31 a 50 personas
19.07232604,-98.15383232,251 y mas personas
19.13299858,-98.22477043,101 a 250 personas
18.90904878,-97.97047858,31 a 50 personas
19.0394196,-98.22117069,51 a 100 personas
19.08234488,-98.19464686,101 a 250 personas
19.08251557,-98.21450072,51 a 100 personas
18.43660001,-97.37042203,101 a 250 personas
19.03985552,-98.21065725,101 a 250 personas
19.11410636,-98.255979,31 a 50 personas
19.09693574,-98.20731778,251 y mas personas
19.11528918,-98.23599364,31 a 50 personas
19.11513666,-98.24267964,251 y mas personas
18.47530477,-97.42957234,31 a 50 personas
19.26943178,-98.41425921,51 a 100 personas
19.10700611,-98.25256988,51 a 100 personas
19.05214515,-98.11027746,31 a 50 personas
19.09039863,-98.19453772,101 a 250 personas
19.07788786,-98.20385174,51 a 100 personas
18.42836209,-97.41495212,51 a 100 personas
18.95257436,-97.83335207,51 a 100 personas
19.08417888,-98.1915801,251 y mas personas
19.06654126,-98.10531473,101 a 250 personas
19.01324761,-98.21437734,31 a 50 personas
19.0969611,-98.20194257,101 a 250 personas
19.0623529,-98.16492138,31 a 50 personas
19.04702502,-98.23408774,51 a 100 personas
19.12763677,-98.26527555,51 a 100 personas
19.11525938,-98.23594557,51 a 100 personas
19.11534861,-98.23608953,51 a 100 personas
18.95965861,-98.16734371,31 a 50 personas
19.08878851,-98.1589178,31 a 50 personas
19.07904955,-98.19827013,251 y mas personas
19.04595781,-98.16690982,31 a 50 personas
19.0590671,-98.24864994,31 a 50 personas
19.10350056,-98.25556968,51 a 100 personas
18.45923998,-97.4042296,51 a 100 personas
19.00988662,-98.32234977,51 a 100 personas
19.12754623,-98.26515503,51 a 100 personas
19.11421641,-98.2417402,251 y mas personas
19.22738088,-98.37207095,251 y mas personas
19.04502584,-98.106858,31 a 50 personas
19.07416447,-98.0965286,251 y mas personas
19.09517646,-98.18865894,51 a 100 personas
19.06366573,-98.11022657,51 a 100 personas
19.11831653,-98.26742134,251 y mas personas
19.16086848,-98.40348625,31 a 50 personas
19.07622949,-98.17061898,101 a 250 personas
19.0355968,-98.28080094,31 a 50 personas
19.11126988,-98.18465921,31 a 50 personas
19.11741953,-98.23995285,101 a 250 personas
19.08485043,-98.15819334,31 a 50 personas
18.90393515,-97.96903617,51 a 100 personas
19.0315389,-98.26199674,31 a 50 personas
19.07467932,-98.15380283,31 a 50 personas
18.962568,-98.17532872,31 a 50 personas
19.10558605,-98.25309861,31 a 50 personas
19.11206704,-98.25203216,101 a 250 personas
19.04521092,-98.06332876,51 a 100 personas
19.05845785,-98.07823535,51 a 100 personas
19.10296545,-98.20667468,101 a 250 personas
19.10300138,-98.20667561,101 a 250 personas
19.08361554,-98.26394509,101 a 250 personas
19.1129673,-98.25858233,51 a 100 personas
19.04504405,-98.22111063,31 a 50 personas
19.1078982,-98.25785706,31 a 50 personas
18.46876304,-97.39129856,101 a 250 personas
19.05389568,-98.31477111,51 a 100 personas
19.11622742,-98.24373764,251 y mas personas
19.13554928,-98.22312211,51 a 100 personas
19.06683943,-98.10523845,251 y mas personas
19.10351396,-98.25332409,101 a 250 personas
19.10915059,-98.2502678,31 a 50 personas
19.04814599,-98.29848893,51 a 100 personas
19.11352093,-98.24506001,51 a 100 personas
19.89993531,-97.58793275,31 a 50 personas
19.23238028,-97.76077972,251 y mas personas
19.1757247,-98.3069013,101 a 250 personas
19.10556883,-98.24433205,31 a 50 personas
19.11266896,-98.24430185,251 y mas personas
19.0756361,-98.15063965,31 a 50 personas
19.07581872,-98.15054211,251 y mas personas
19.11661184,-98.24335478,51 a 100 personas
18.53835796,-97.41752682,51 a 100 personas
19.06490039,-98.17115801,251 y mas personas
19.11055371,-98.24474267,251 y mas personas
18.90646241,-98.43256474,251 y mas personas
19.88257971,-97.5900092,31 a 50 personas
19.04183686,-98.16552594,101 a 250 personas
19.08173733,-98.28513634,31 a 50 personas
19.11502726,-98.25735361,251 y mas personas
19.15754404,-98.38506526,251 y mas personas
19.43742814,-97.3880683,31 a 50 personas
19.44822079,-97.38629108,51 a 100 personas
19.0488848,-98.25813801,101 a 250 personas
18.99879617,-98.3469248,251 y mas personas
19.02702027,-98.28674793,101 a 250 personas
19.11584606,-98.27022564,51 a 100 personas
19.13364147,-98.27357914,101 a 250 personas
18.59698572,-98.47931488,31 a 50 personas
19.11925184,-98.23884331,101 a 250 personas
19.07422412,-98.25932853,251 y mas personas
19.08638109,-98.2659453,31 a 50 personas
18.97882324,-98.21744889,101 a 250 personas
19.80828043,-97.36855286,101 a 250 personas
19.0804509,-98.16066274,101 a 250 personas
19.13117268,-98.24246629,31 a 50 personas
19.13117268,-98.24246629,31 a 50 personas
19.13248387,-98.24430825,251 y mas personas
20.27570149,-97.96876279,51 a 100 personas
20.27327509,-97.97463237,31 a 50 personas
19.04837,-98.23664,251 y mas personas
19.25828185,-98.41111944,31 a 50 personas
19.07658613,-98.2715066,31 a 50 personas
18.92925552,-98.46148963,51 a 100 personas
19.09581511,-98.18928265,251 y mas personas
19.07582024,-98.28486002,101 a 250 personas
19.04913195,-98.17462532,31 a 50 personas
19.06809916,-98.3158378,31 a 50 personas
19.1719708,-98.37881213,251 y mas personas
19.07836269,-98.26439301,101 a 250 personas
19.07566558,-98.17219836,31 a 50 personas
19.11258385,-98.18229692,31 a 50 personas
19.11589855,-98.25977898,101 a 250 personas
19.09389045,-98.19236617,31 a 50 personas
19.07312551,-98.31304695,31 a 50 personas
19.09776969,-98.18606585,101 a 250 personas
18.96185401,-98.17297888,101 a 250 personas
19.04609085,-98.10500744,31 a 50 personas
18.90192964,-97.45986428,251 y mas personas
19.08343964,-98.27784152,31 a 50 personas
19.04499332,-98.17665539,31 a 50 personas
19.10774931,-98.24290751,31 a 50 personas
19.00910678,-98.22127423,31 a 50 personas
19.0397565,-98.0920308,31 a 50 personas
19.02215184,-98.20370226,101 a 250 personas
19.20476695,-97.75084308,251 y mas personas
19.11296405,-98.24243614,251 y mas personas
19.1618346,-98.38168063,251 y mas personas
19.11142726,-98.24757822,251 y mas personas
19.16155989,-98.38460053,251 y mas personas
19.11210416,-98.24610768,51 a 100 personas
19.07163795,-98.17316943,251 y mas personas
19.06232465,-98.15528949,251 y mas personas
19.07633025,-98.1522624,251 y mas personas
18.97577441,-98.33899424,31 a 50 personas
19.06587197,-98.10080629,101 a 250 personas
19.11170611,-98.1479225,101 a 250 personas
19.11265155,-98.24426109,31 a 50 personas
19.09733338,-98.18378307,51 a 100 personas
19.07319396,-98.29118004,101 a 250 personas
19.09719862,-98.18397373,51 a 100 personas
19.08735396,-98.16328597,51 a 100 personas
18.98203558,-98.20379469,51 a 100 personas
19.16393794,-98.38406134,251 y mas personas
19.06018925,-98.15902227,251 y mas personas
19.14053088,-98.25432654,251 y mas personas
19.14087368,-98.2541973,51 a 100 personas
19.14047974,-98.25435524,51 a 100 personas
19.0701296,-98.21058395,51 a 100 personas
19.10289694,-98.25787073,31 a 50 personas
19.14087333,-98.25419743,51 a 100 personas
19.14213271,-98.2533888,101 a 250 personas
19.1150567,-98.24104026,101 a 250 personas
18.99165323,-98.21163635,31 a 50 personas
19.11267895,-98.24684322,101 a 250 personas
19.22899777,-97.76137313,101 a 250 personas
19.08473132,-98.19492847,251 y mas personas
19.04224443,-98.07773776,51 a 100 personas
19.05495076,-98.20165318,101 a 250 personas
19.1396769,-98.25806487,251 y mas personas
19.11429245,-98.26157833,31 a 50 personas
19.10329183,-98.2430515,251 y mas personas
19.00628065,-98.22307309,31 a 50 personas
19.05348967,-98.22225177,31 a 50 personas
19.01357101,-98.20620998,31 a 50 personas
18.9635825,-98.17653264,101 a 250 personas
19.07165179,-98.1510421,51 a 100 personas
19.06828152,-98.2492442,101 a 250 personas
19.07170927,-98.25557745,51 a 100 personas
19.11249296,-98.25877383,51 a 100 personas
19.00562709,-98.22159715,31 a 50 personas
19.11384688,-98.25806134,251 y mas personas
19.04338474,-98.15745,31 a 50 personas
19.04292225,-98.16984352,31 a 50 personas
19.11215129,-98.24309012,101 a 250 personas
19.03744003,-98.31900657,101 a 250 personas
19.03685781,-98.31801929,101 a 250 personas
18.97600566,-98.33681072,31 a 50 personas
19.1070645,-98.18030162,31 a 50 personas
19.13253087,-98.24437427,51 a 100 personas
19.13170153,-98.24320924,101 a 250 personas
18.99455833,-98.34572,51 a 100 personas
19.11138651,-98.24358051,251 y mas personas
19.16207343,-98.38232654,101 a 250 personas
19.06588585,-98.10451946,251 y mas personas
19.11753889,-98.24089318,101 a 250 personas
19.14288356,-98.37392779,51 a 100 personas
19.03015506,-98.27036549,51 a 100 personas
19.11137171,-98.24553744,251 y mas personas
19.07185766,-98.25600293,51 a 100 personas
19.09328974,-98.20841691,31 a 50 personas
19.09541477,-98.20736818,31 a 50 personas
19.06686739,-98.29477832,31 a 50 personas
19.16096375,-98.38076366,251 y mas personas
19.0805447,-98.14911869,251 y mas personas
19.0775343,-98.15076538,251 y mas personas
19.07933757,-98.2796698,101 a 250 personas
19.08160156,-98.28210125,101 a 250 personas
19.93904203,-97.96310275,101 a 250 personas
18.95923817,-98.16568106,31 a 50 personas
19.0757463,-98.28561951,51 a 100 personas
19.06889648,-98.30500157,31 a 50 personas
19.0660427,-98.23426559,31 a 50 personas
19.10936432,-98.25738768,51 a 100 personas
19.1260379,-98.27072393,31 a 50 personas
19.07117885,-98.1541957,31 a 50 personas
19.08547135,-98.1948017,101 a 250 personas
19.06024878,-98.27588651,51 a 100 personas
18.98880235,-98.35054932,51 a 100 personas
19.06889747,-98.17605282,31 a 50 personas
19.05977093,-98.21268382,31 a 50 personas
19.01078751,-98.26563877,251 y mas personas
19.07414533,-98.25920534,101 a 250 personas
18.9567572,-97.95205977,101 a 250 personas
19.08122231,-98.22855545,31 a 50 personas
19.02992251,-98.2681056,51 a 100 personas
19.07970247,-98.27680107,51 a 100 personas
19.1136609,-98.25891731,31 a 50 personas
19.05584215,-98.10752365,101 a 250 personas
19.01876968,-98.21184951,31 a 50 personas
19.06985944,-98.16094867,251 y mas personas
19.06553507,-98.10122274,251 y mas personas
19.09862466,-98.22801,31 a 50 personas
19.11781118,-98.2599218,31 a 50 personas
19.15760005,-98.37964057,251 y mas personas
19.2092985,-98.36170751,101 a 250 personas
18.89068149,-98.43563752,31 a 50 personas
19.07887967,-98.14792668,101 a 250 personas
18.9869608,-98.22962484,31 a 50 personas
19.04509888,-98.06366589,251 y mas personas
19.03563206,-98.27980782,31 a 50 personas
19.13267843,-98.27290929,101 a 250 personas
18.99682809,-98.24864977,51 a 100 personas
19.01053486,-98.2111428,31 a 50 personas
19.0740383,-98.15275213,31 a 50 personas
19.06711489,-98.10038352,101 a 250 personas
19.06743295,-98.10021456,251 y mas personas
19.26490075,-98.41417693,251 y mas personas
19.93235584,-97.95812603,31 a 50 personas
18.96124733,-98.16847196,31 a 50 personas
19.13946831,-98.26675684,31 a 50 personas
19.14010937,-98.268974,31 a 50 personas
19.27038609,-98.46550699,51 a 100 personas
19.00086272,-98.33204166,51 a 100 personas
19.11608532,-98.24663729,251 y mas personas
19.07252576,-98.15027861,101 a 250 personas
19.06494401,-98.10379444,101 a 250 personas
18.88202243,-98.46416529,251 y mas personas
19.00220456,-98.33464741,251 y mas personas
19.03641453,-98.17531914,31 a 50 personas
18.97798342,-97.90271974,51 a 100 personas
19.10345692,-98.25585687,31 a 50 personas
19.08545577,-98.19470867,251 y mas personas
18.9602436,-98.16900626,101 a 250 personas
19.08362993,-98.28175476,51 a 100 personas
19.07107039,-98.15760038,251 y mas personas
19.03753949,-98.21952114,51 a 100 personas
19.01002321,-98.34667689,251 y mas personas
19.10340452,-98.25579938,101 a 250 personas
19.10430734,-98.25835296,31 a 50 personas
19.00971853,-98.32250392,251 y mas personas
19.00993762,-98.32231988,251 y mas personas
19.00941027,-98.33624968,101 a 250 personas
19.10803539,-98.25077871,31 a 50 personas
19.15737058,-98.3825049,51 a 100 personas
19.05900735,-98.19420578,31 a 50 personas
19.11507434,-98.26114914,51 a 100 personas
19.03160148,-98.15007146,51 a 100 personas
19.11188977,-98.18351092,251 y mas personas
19.11735987,-98.23974542,31 a 50 personas
19.11568679,-98.24060221,251 y mas personas
19.17354444,-98.30951853,251 y mas personas
19.16199742,-98.3831543,251 y mas personas
19.12009472,-98.23867356,251 y mas personas
19.11859956,-98.24525428,251 y mas personas
19.17582186,-98.30676422,251 y mas personas
19.16197937,-98.38335063,251 y mas personas
19.11477762,-98.24293037,101 a 250 personas
19.1336402,-98.24881824,101 a 250 personas
19.09756652,-98.20739025,51 a 100 personas
18.99271301,-98.27702168,51 a 100 personas
19.11887565,-98.24510858,101 a 250 personas
19.06359361,-98.17355701,101 a 250 personas
19.06973616,-98.29733467,251 y mas personas
19.03080176,-98.1494086,31 a 50 personas
19.11623348,-98.24254423,31 a 50 personas
19.16423965,-98.38208566,101 a 250 personas
19.1195341,-98.25570174,251 y mas personas
19.12004429,-98.26532331,51 a 100 personas
19.11954332,-98.25571098,251 y mas personas
19.1418628,-98.25838445,101 a 250 personas
19.10802139,-98.25465338,101 a 250 personas
19.10787285,-98.25435218,101 a 250 personas
19.06494751,-98.10770601,101 a 250 personas
19.26232667,-98.41485226,51 a 100 personas
19.39065633,-98.05411712,31 a 50 personas
19.31182205,-97.91899085,31 a 50 personas
19.32931878,-98.19730773,51 a 100 personas
19.34174883,-97.92035113,101 a 250 personas
19.56198832,-98.12593566,101 a 250 personas
19.37738427,-98.14317456,51 a 100 personas
19.31331513,-97.91568528,51 a 100 personas
19.57959577,-98.5555764,101 a 250 personas
19.234548,-98.19763474,251 y mas personas
19.34567968,-97.91871138,251 y mas personas
19.26281682,-98.23394647,51 a 100 personas
19.59476242,-98.57163947,51 a 100 personas
19.32020923,-98.20643104,31 a 50 personas
19.50044351,-98.05294449,31 a 50 personas
19.21888164,-98.24435444,31 a 50 personas
19.19563199,-98.23162008,31 a 50 personas
19.48127694,-98.56537278,31 a 50 personas
19.14223956,-98.22099487,251 y mas personas
19.15985434,-98.22502582,31 a 50 personas
19.30626876,-98.20146643,101 a 250 personas
19.33076587,-98.19408047,101 a 250 personas
19.32757946,-98.19413102,101 a 250 personas
19.31072563,-97.92420666,251 y mas personas
19.61212286,-98.12654358,251 y mas personas
19.31637592,-98.20616826,31 a 50 personas
19.30183687,-98.19428365,31 a 50 personas
19.34501509,-97.92130255,31 a 50 personas
19.20088358,-98.30139055,101 a 250 personas
19.31960798,-98.19112581,31 a 50 personas
19.25226432,-98.17008204,101 a 250 personas
19.33488831,-98.1901787,251 y mas personas
19.33486678,-98.19003999,251 y mas personas
19.34543273,-97.92138539,31 a 50 personas
19.31323623,-98.18503158,31 a 50 personas
19.29623579,-98.39826483,251 y mas personas
19.1969442,-98.24007061,101 a 250 personas
19.31717986,-98.19312854,101 a 250 personas
19.23561043,-98.19727275,101 a 250 personas
19.3009164,-98.39855447,31 a 50 personas
19.31829965,-98.19580675,51 a 100 personas
19.3312676,-98.19645374,31 a 50 personas
19.32029935,-98.20813569,101 a 250 personas
19.14338999,-98.22178806,251 y mas personas
19.4607662,-98.42460355,31 a 50 personas
19.46847699,-98.56176579,101 a 250 personas
19.27324721,-98.23652846,31 a 50 personas
19.34130528,-97.774605,101 a 250 personas
19.16935943,-98.22860601,51 a 100 personas
19.1745543,-98.23107689,51 a 100 personas
19.49390406,-98.05544507,251 y mas personas
19.32795904,-98.16658677,31 a 50 personas
19.31418964,-98.19572707,31 a 50 personas
19.31328784,-98.38636114,251 y mas personas
19.34276601,-97.9233048,251 y mas personas
19.41906862,-98.12285431,251 y mas personas
19.31954305,-98.19018564,51 a 100 personas
19.17023454,-98.2250919,51 a 100 personas
19.15107502,-98.22846324,51 a 100 personas
19.35954172,-98.14367781,31 a 50 personas
19.42036802,-98.11024872,31 a 50 personas
19.58909495,-98.5680093,31 a 50 personas
19.58306901,-98.56768471,31 a 50 personas
19.11612623,-98.17212837,31 a 50 personas
19.30927289,-97.9254732,31 a 50 personas
19.60948138,-98.11752625,31 a 50 personas
19.31483496,-98.20154856,31 a 50 personas
19.31447368,-97.93132474,31 a 50 personas
19.12798587,-98.16101538,31 a 50 personas
19.61248008,-98.11763399,31 a 50 personas
19.12196297,-98.16603725,31 a 50 personas
19.58863264,-98.57345203,31 a 50 personas
19.25113455,-98.20205779,31 a 50 personas
19.33085342,-98.19731954,101 a 250 personas
19.16532339,-98.22686435,101 a 250 personas
19.33963994,-98.17783527,51 a 100 personas
19.17387471,-98.2310356,31 a 50 personas
19.56675046,-98.38318063,101 a 250 personas
19.15853231,-98.23184615,101 a 250 personas
19.25092785,-98.19884728,101 a 250 personas
19.49706003,-98.04497192,51 a 100 personas
19.61310209,-98.1239962,101 a 250 personas
19.15109501,-98.21754549,101 a 250 personas
19.29527224,-97.77197575,31 a 50 personas
19.32121885,-97.92146443,31 a 50 personas
19.32216418,-97.92617286,31 a 50 personas
19.31511517,-98.19812566,251 y mas personas
19.34188908,-97.91820205,31 a 50 personas
19.48501264,-98.05799874,31 a 50 personas
19.18801941,-98.19378177,251 y mas personas
19.26654582,-98.19871202,251 y mas personas
19.32969808,-98.20983963,31 a 50 personas
19.34401925,-97.921556,31 a 50 personas
19.31337998,-97.91352419,101 a 250 personas
19.34489474,-97.92138925,101 a 250 personas
19.42553984,-98.14878609,251 y mas personas
19.38616446,-98.17728325,31 a 50 personas
19.33006819,-97.64462067,51 a 100 personas
19.33592647,-98.21358502,31 a 50 personas
19.16594256,-98.22528919,51 a 100 personas
19.50781364,-98.11481926,101 a 250 personas
19.16081082,-98.22558462,51 a 100 personas
19.48916356,-98.06267346,31 a 50 personas
19.16198027,-98.22600171,251 y mas personas
19.42038504,-98.1198677,51 a 100 personas
19.49307243,-98.0571425,251 y mas personas
19.43673226,-98.15617126,51 a 100 personas
19.50207477,-98.05760582,101 a 250 personas
19.42476787,-98.1455857,31 a 50 personas
19.24982576,-98.20301666,101 a 250 personas
19.50155376,-98.05534572,31 a 50 personas
19.48312415,-98.05610286,31 a 50 personas
19.58847519,-98.55138529,51 a 100 personas
19.58820055,-98.55059586,31 a 50 personas
19.600846,-98.64680603,31 a 50 personas
19.42708726,-98.14887405,51 a 100 personas
19.14776353,-98.22180812,251 y mas personas
19.3877571,-98.04978851,31 a 50 personas
19.39194052,-98.06290353,31 a 50 personas
19.49787387,-98.05152462,251 y mas personas
19.56102991,-98.12892083,31 a 50 personas
19.19874128,-98.19424667,51 a 100 personas
19.49999999,-98.04765328,31 a 50 personas
19.56114603,-98.1283488,51 a 100 personas
19.50040063,-98.07822213,251 y mas personas
19.40220562,-98.07644794,51 a 100 personas
19.26776726,-98.20296605,31 a 50 personas
19.16843826,-98.22815364,51 a 100 personas
19.49114988,-98.05326185,31 a 50 personas
19.39219734,-98.06655961,101 a 250 personas
19.48924886,-98.06277308,51 a 100 personas
19.49526325,-98.06197074,251 y mas personas
19.58838133,-98.55111551,51 a 100 personas
19.16304874,-98.22610506,101 a 250 personas
19.29717138,-98.19522938,251 y mas personas
19.24028667,-98.19550227,101 a 250 personas
19.19895781,-98.19257991,251 y mas personas
19.5006989,-98.0511358,101 a 250 personas
19.50066369,-98.05096299,51 a 100 personas
19.16582898,-98.2265085,31 a 50 personas
19.24158564,-98.20803914,251 y mas personas
19.40108486,-98.07163628,251 y mas personas
19.17239575,-98.2320492,251 y mas personas
19.49604984,-98.05771422,251 y mas personas
19.38610611,-98.09197306,51 a 100 personas
19.1801121,-97.91516589,251 y mas personas
19.17159375,-98.22926947,101 a 250 personas
19.39529032,-98.05844454,251 y mas personas
19.41536637,-98.13400588,31 a 50 personas
19.30465529,-98.39732349,251 y mas personas
19.1602278,-98.22515122,51 a 100 personas
19.55930126,-98.12800304,51 a 100 personas
19.25045461,-98.20067278,251 y mas personas
19.24117266,-98.20196948,251 y mas personas
19.43362174,-97.79692454,51 a 100 personas
19.31283566,-98.39197863,251 y mas personas
19.48670677,-98.54159127,251 y mas personas
19.29715197,-98.24159882,251 y mas personas
19.39513567,-98.17501962,251 y mas personas
19.3414342,-97.91791732,101 a 250 personas
19.30365289,-97.76155109,101 a 250 personas
19.3420926,-97.92014871,101 a 250 personas
19.49922344,-98.05317881,251 y mas personas
19.34081499,-97.92512201,251 y mas personas
19.44489966,-98.12827169,31 a 50 personas
19.56228003,-98.12589352,31 a 50 personas
19.40171299,-98.07434485,51 a 100 personas
19.56136544,-98.127239,101 a 250 personas
19.14650079,-98.22162411,251 y mas personas
19.24132185,-98.20389234,251 y mas personas
19.33421398,-98.31837552,31 a 50 personas
19.49474998,-98.04732653,31 a 50 personas
19.50044759,-98.04953013,51 a 100 personas
19.24936319,-98.20110383,251 y mas personas
19.129025,-98.19212556,51 a 100 personas
19.56046481,-98.13025164,51 a 100 personas
19.25202874,-98.20019823,251 y mas personas
19.25285685,-98.19962896,101 a 250 personas
19.25201202,-98.20027211,251 y mas personas
19.49207616,-98.05710177,101 a 250 personas
19.43807869,-98.13102108,31 a 50 personas
19.48155958,-98.05964559,251 y mas personas
19.48954456,-98.05679009,251 y mas personas
19.34390877,-97.92486295,251 y mas personas
19.3981353,-98.09257615,251 y mas personas
19.29722316,-98.24724647,101 a 250 personas
19.49661211,-98.07137294,251 y mas personas
19.16605375,-98.22473891,51 a 100 personas
19.34146392,-97.92072752,101 a 250 personas
19.37664525,-98.09230823,51 a 100 personas
19.10697951,-98.16576196,31 a 50 personas
19.50213161,-98.05256729,101 a 250 personas
19.37345611,-97.78445194,51 a 100 personas
19.49066011,-98.06072268,31 a 50 personas
19.24483166,-98.22646161,31 a 50 personas
19.55811761,-98.12787564,51 a 100 personas
19.21405864,-98.19662161,251 y mas personas
19.21128793,-98.19700999,251 y mas personas
19.49224166,-98.0569456,101 a 250 personas
19.397864,-98.09257953,101 a 250 personas
19.21059017,-98.23867463,31 a 50 personas
19.34401484,-97.91874617,31 a 50 personas
19.50186824,-98.05661644,101 a 250 personas
19.11362178,-98.17533642,31 a 50 personas
19.14376814,-98.22129303,251 y mas personas
19.56083448,-98.12925583,101 a 250 personas
19.24965411,-98.20109495,101 a 250 personas
19.53440717,-98.34993839,101 a 250 personas
19.25134157,-98.20312045,51 a 100 personas
19.31974634,-97.64025827,31 a 50 personas
19.342565,-97.923406,101 a 250 personas
19.16871592,-98.32390172,101 a 250 personas
18.98975847,-97.94673064,51 a 100 personas
18.97935699,-98.33744091,51 a 100 personas
18.05869361,-98.52947361,51 a 100 personas
18.61257944,-98.41306278,31 a 50 personas
19.321311,-97.484243,31 a 50 personas
18.58608361,-97.91221028,51 a 100 personas
20.05042208,-98.15215353,51 a 100 personas
20.05078388,-98.15319061,51 a 100 personas
18.92893027,-97.95089501,51 a 100 personas
19.38144115,-97.43483895,31 a 50 personas
20.54416667,-97.66555556,251 y mas personas
18.94186112,-98.25695684,31 a 50 personas
18.55907444,-98.43608861,31 a 50 personas
20.4862153,-97.63166889,51 a 100 personas